11.892356985347789/52.047453270489115, Deutschland\Magdeburg_Dessau\
10.377657338289906/52.863821938369256, Deutschland\Hamburg_Kassel\
10.245366153754839/52.36708230403676, Deutschland\Rund_um_Peine\
9.606535216704094/52.0987983324417, Deutschland\Rund_ums_Weserbergland\
9.184915554969223/51.937514131787395, Deutschland\Paderborn_Kassel\
8.991603646187182/51.648784516597914, Deutschland\Salzkotten_Goettingen_Kassel\
9.967929579595982/51.7705917970994, Deutschland\SFS_Goettingen_Kassel\
8.405728189387096/51.364501316833554, Deutschland\Ruhrtalbahn\
6.952059904966579/51.08045586190681, Deutschland\Koeln_Duesseldorf\
7.51967816213947/50.788259054104486, Deutschland\Siegstrecke\
6.103972999867027/50.945698505065195, Deutschland\Grenzlandbahnen\
8.577049478067753/47.84352911262309, Deutschland\Wutachtalbahn\
10.84802629508627/48.50165327712489, Deutschland\Augsburg_Donauwoerth\
12.1141271/49.290470700000014, Deutschland\Rund_um_Schwandorf\
10.983207694965554/50.62171245063982, Deutschland\VDE8\
8.994676758499546/54.59391958848394, Deutschland\Marschbahn\





7.79/51.44,Menden



9.45/51.33,Kassel-Harleshausen




7.70/51.50,Do-Barup
7.42/51.46,Do-Kruckel
7.38/51.45,Witten Annen-Nord

7.80/51.66,Hamm Rbf


0.00/0.00,	Aachen Hbf		
0.00/0.00,	Aachen West		
0.00/0.00,	Aachen West Pbf		
0.00/0.00,	Abzw Ashausen		
0.00/0.00,	Abzw Bechelte		
0.00/0.00,	Abzw Berg		
0.00/0.00,	Abzw Berliner Straße		
0.00/0.00,	Abzw Bruder Klaus Siedlung		
0.00/0.00,	Abzw Dfd		
0.00/0.00,	Abzw D-Oberbilk Hst		
0.00/0.00,	Abzw D-Reisholz		
0.00/0.00,	Abzw D-Wersten		
0.00/0.00,	Abzw Edesheim		
0.00/0.00,	Abzw Edesheim N		
0.00/0.00,	Abzw Edesheim S		
0.00/0.00,	Abzw Einhaus		
0.00/0.00,	Abzw Emma		
0.00/0.00,	Abzw Fortuna		
0.00/0.00,	Abzw Grone		
0.00/0.00,	Abzw Gummersbacher Straße		
0.00/0.00,	Abzw Heide		
0.00/0.00,	Abzw Himmelsthür		
0.00/0.00,	Abzw Höhenhaus		
7.47/51.41,	Abzw Hohensyburg		
0.00/0.00,	Abzw Hörn		
0.00/0.00,	Abzw Ksl-Oberzw		
0.00/0.00,	Abzw Ksl Rbf Berg		
0.00/0.00,	Abzw Nord/West A		
0.00/0.00,	Abzw Nord/West B		
8.42/51.37,	Abzw Nuttlar		
0.00/0.00,	Abzw Oberhafen		
0.00/0.00,	Abzw Posthof		
0.00/0.00,	Abzw Richterich		
0.00/0.00,	Abzw Rössing		
0.00/0.00,	Abzw Siekweg		
0.00/0.00,	Abzw Sorsum		
0.00/0.00,	Abzw Stahlwerk		
0.00/0.00,	Abzw Sturm		
0.00/0.00,	Abzw Veddel		
0.00/0.00,	Abzw V-Niedervellmar Hp		
0.00/0.00,	Abzw Weidestraße		
0.00/0.00,	Abzw Zoobrücke		
0.00/0.00,	Adendorf		
0.00/0.00,	Algermissen		
0.00/0.00,	Aligse Hp		
0.00/0.00,	Almstedt		
0.00/0.00,	Alphalint		
0.00/0.00,	Altenbeken		
0.00/0.00,	Altenkirchen		
0.00/0.00,	Altenschwand		
0.00/0.00,	Amberg		
0.00/0.00,	Ankensen		
7.73/51.48,	Ardey Hp		
8.07/51.41,	Arnsberg		
0.00/0.00,	Ashausen Hp		
0.00/0.00,	Au (Sieg)		
0.00/0.00,	Awans KKW		
0.00/0.00,	AW Kassel		
0.00/0.00,	Bad Bevensen		
0.00/0.00,	Bad Driburg		
0.00/0.00,	Bad Pyrmont		
0.00/0.00,	Bad St Peter-Ording Hp		
0.00/0.00,	Bad St Peter Süd Hp		
0.00/0.00,	Bardowick		
0.00/0.00,	Bardowick Hp		
0.00/0.00,	Barnten		
0.00/0.00,	Bäumenheim Hst		
0.00/0.00,	Behrensen Hp		
0.00/0.00,	Benhausen		
0.00/0.00,	Bergheim		
8.75/51.41,	Beringhausen Hp		
8.40/51.36,	Bestwig		
0.00/0.00,	Bft Augsburg Hbf		
0.00/0.00,	Bft Au Hirbl Hp		
0.00/0.00,	Bft Au-Hirblinger Straße		
0.00/0.00,	Bft Au-Oberhausen		
0.00/0.00,	Bft Blankenberg		
0.00/0.00,	Bft Dortmunderfeld		
0.00/0.00,	Bft Erfurt Pbf		
0.00/0.00,	Bft Göttingen Gbf		
0.00/0.00,	Bft Göttingen Gbf Nord		
0.00/0.00,	Bft Göttingen Pbf		
0.00/0.00,	Bft Gütergl Gkn		
0.00/0.00,	Bft Hamburg Süd		
0.00/0.00,	Bft Hmb-Wlb Abzw		
0.00/0.00,	Bft Hohe Schaar		
0.00/0.00,	Bft K-Mülheim W 011 Ostkopf		
0.00/0.00,	Bft K-Mülheim W 012 Westkopf		
0.00/0.00,	Bft Leverkusen Mitte		
0.00/0.00,	Bft Lev-Küppersteg		
0.00/0.00,	Bft Meckelfeld Abzw		
0.00/0.00,	Bft Merten		
0.00/0.00,	Bft Süderelbbrücke Abzw		
0.00/0.00,	Bienenbüttel		
8.47/51.36,	Bigge		
0.00/0.00,	Bk Buchberg		
0.00/0.00,	Bk Erpentrup		
0.00/0.00,	Bk Himmelsthür		
0.00/0.00,	Bk Ksl-Harlesh Hp		
0.00/0.00,	Bk Langenhorn		
0.00/0.00,	Bk Langenhorn Hp		
0.00/0.00,	Bk Lübs(Magb) Hp		
0.00/0.00,	Bk Lunden Nord		
0.00/0.00,	Bk Pesch		
0.00/0.00,	Bk Steinhausen		
0.00/0.00,	Bk Wahlitz Hp		
0.00/0.00,	Blumberg-Riedöschingen		
0.00/0.00,	Blumberg-Zollhaus		
0.00/0.00,	Bonenburg		
8.78/51.42,	Bredelar		
0.00/0.00,	Bredstedt		
0.00/0.00,	Breitscheidt		
0.00/0.00,	Bremecketal Hp		
8.58/51.35,	Brilon Wald		
0.00/0.00,	Broekel		
0.00/0.00,	Buke		
0.00/0.00,	Burgdorf		
0.00/0.00,	Celle		
0.00/0.00,	Celle Gbf		
0.00/0.00,	Celle Nord		
0.00/0.00,	Celle Vorstadt		
0.00/0.00,	Coppenbrügge		
0.00/0.00,	Coppenbrügge Hp		
0.00/0.00,	Dattenfeld Hp		
0.00/0.00,	D-Benrath Hp		
0.00/0.00,	Dedenhausen		
0.00/0.00,	D-Eller Süd Hp		
0.00/0.00,	Deutsch Evern		
0.00/0.00,	D-Garath Hp		
0.00/0.00,	D-Hellerhof Hp		
0.00/0.00,	Do-Aplerbeck Süd Hp		
0.00/0.00,	Donauwörth		
7.55/51.48,	Dortmund-Aplerbeck		
7.50/51.49,	Dortmund-Hörde		
7.46/51.49,	Dortmund Signal-Iduna Park		
0.00/0.00,	D-Reisholz Gbf		
0.00/0.00,	D-Reisholz Hp		
0.00/0.00,	Düsseldorf Abstellbahnhof		
0.00/0.00,	Düsseldorf Bilk		
0.00/0.00,	Düsseldorf-Eller		
0.00/0.00,	Düsseldorf Hbf		
0.00/0.00,	D Volksgarten Hp		
0.00/0.00,	D-Wehrhahn		
0.00/0.00,	Ebermergen Hp		
0.00/0.00,	Eberschütz Hp		
0.00/0.00,	Echem		
0.00/0.00,	Edemissen		
0.00/0.00,	Ehlershausen		
0.00/0.00,	Eichenberg		
0.00/0.00,	Eickenrode HP		
0.00/0.00,	Eischleben		
0.00/0.00,	Eitorf		
8.55/51.34,	Elleringhausen Hp		
0.00/0.00,	Elsen Hp		
0.00/0.00,	Eltze		
0.00/0.00,	Elze		
0.00/0.00,	Emmerke		
0.00/0.00,	Emmerthal		
0.00/0.00,	Ende Ri Jübek		
0.00/0.00,	Epfenhofen		
0.00/0.00,	Erfurt-Bischleb		
0.00/0.00,	Eschede		
0.00/0.00,	Escherde		
0.00/0.00,	Eslohe		
0.00/0.00,	Etzbach Hp		
8.34/51.35,	Eversberg		
0.00/0.00,	F-Ihringshausen		
8.17/51.37,	Freienohl		
0.00/0.00,	Freihöls		
0.00/0.00,	Friedland		
0.00/0.00,	Friedrichstadt		
7.74/51.50,	Frömern		
7.76/51.47,	Fröndenberg		
0.00/0.00,	Fützen		
0.00/0.00,	Gablingen		
0.00/0.00,	Garding Hp		
0.00/0.00,	Garßen		
0.00/0.00,	Geilhausen Hp		
7.62/51.46,	Geisecke Hp		
0.00/0.00,	Geisingen-Aulfingen		
0.00/0.00,	Geisingen-Hausen		
0.00/0.00,	Geisingen-Kirchen		
0.00/0.00,	Geisingen-Leipferdingen		
0.00/0.00,	Gersthofen		
0.00/0.00,	Gertenbach Hp		
0.00/0.00,	Gla KS Friedrichshall		
0.00/0.00,	Gla KS Hugo		
0.00/0.00,	Gla Zuckerfabrik Sehnde		
0.00/0.00,	Gommern		
9.42/51.45,	Grebenstein		
0.00/0.00,	Grifte		
0.00/0.00,	Grimmelshofen		
0.00/0.00,	Grohnde		
0.00/0.00,	Gudenhagen Hp		
0.00/0.00,	Guntershausen		
0.00/0.00,	Guxhagen		
7.45/51.38,	Hagen-Eckesey		
7.46/51.38,	Hagen Gbf		
0.00/0.00,	Hagen Hbf		
7.49/51.41,	Hagen-Kabel		
7.43/51.39,	Hagen Vorhalle		
0.00/0.00,	Hämelerwald		
0.00/0.00,	Hameln		
0.00/0.00,	Hamlar		
0.00/0.00,	Hann. Münden		
0.00/0.00,	Han-Wülfel		
0.00/0.00,	Harblek Hp		
0.00/0.00,	Harburg Hp		
0.00/0.00,	Harburg Rathaus		
0.00/0.00,	Harburg(Schwab)		
0.00/0.00,	Harsum		
0.00/0.00,	Harvesse		
0.00/0.00,	Haueda Hp		
0.00/0.00,	Hedemünden		
0.00/0.00,	Hengstey		
0.00/0.00,	Hennef		
0.00/0.00,	Hennef Im Siegbogen Hp		
0.00/0.00,	Herbertshofen Hp		
0.00/0.00,	Herbertshofen Süd		
0.00/0.00,	Herchen		
0.00/0.00,	Herste		
0.00/0.00,	Herzogenrath		
0.00/0.00,	H-Harbg Bbf Süd		
0.00/0.00,	Hildesheim Gbf		
0.00/0.00,	Hildesheim Hbf		
0.00/0.00,	Hildesheim Ost		
0.00/0.00,	Hiltersdorf		
0.00/0.00,	Himmighausen		
0.00/0.00,	Hmb-Harburg		
0.00/0.00,	Hmb-Harburg Bbf		
9.40/51.50,	Hofgeismar		
0.00/0.00,	Hohe Grete Hp		
8.64/51.38,	Hoppecke		
0.00/0.00,	Hoppingen Hp		
0.00/0.00,	Hp Düsseldorf-Eller Mitte		
0.00/0.00,	Hp Düsseldorf-Friedrichstadt		
9.40/51.54,	Hümme		
0.00/0.00,	Husum		
0.00/0.00,	Husum Nord		
0.00/0.00,	Ilmenau-Wolfsbg		
9.46/51.43,	Immenhausen		
0.00/0.00,	Irrenlohe		
0.00/0.00,	Jäger		
0.00/0.00,	Jühnde Bbf		
0.00/0.00,	Kasseler Tor Hp		
9.49/51.32,	Kassel Hbf		
9.47/51.33,	Kassel Rbf		
9.45/51.31,	Kassel-Wilhelmshöhe		
0.00/0.00,	Katharinenheerd Hp		
0.00/0.00,	Kating Hp		
0.00/0.00,	K-Buchforst Hp		
0.00/0.00,	Keitum		
0.00/0.00,	Kirchheim Bbf		
0.00/0.00,	Klanxbüll		
0.00/0.00,	Klardorf		
0.00/0.00,	Klein Süstedt		
0.00/0.00,	Kloster Marienthal Hp		
0.00/0.00,	K-Mülheim		
0.00/0.00,	Kohlscheid		
0.00/0.00,	Köln Bbf		
0.00/0.00,	Köln-Deutzerfeld		
0.00/0.00,	Köln Hbf		
0.00/0.00,	Köln-Kalk		
0.00/0.00,	Köln Kalk Nord Rbf		
0.00/0.00,	Köln Messe/Deutz		
0.00/0.00,	Köln Messe/Deutz Hp		
0.00/0.00,	Köln Messe/Deutz (tief)		
0.00/0.00,	Körle Ost Bbf		
0.00/0.00,	Kragenhof		
0.00/0.00,	Ksl-Oberzw Hp		
0.00/0.00,	Ksl Rbf Dreibrücken Hp		
0.00/0.00,	K-Stammheim Hp		
0.00/0.00,	Lamerden		
0.00/0.00,	Langeland		
0.00/0.00,	Langenfeld		
7.71/51.48,	Langschede		
0.00/0.00,	Langweid Hst		
0.00/0.00,	Langweid Hst Wende		
0.00/0.00,	Lauenburg (Elbe)		
0.00/0.00,	Lausheim-Blumegg		
0.00/0.00,	Lehnshallig		
0.00/0.00,	Lehrte Nord		
0.00/0.00,	Lehrte Pbf		
0.00/0.00,	Lehrte West		
0.00/0.00,	Leopoldstal		
0.00/0.00,	Leverk. Mitte Hp		
0.00/0.00,	Leverkusen		
0.00/0.00,	Lev-Küppersteg Hp		
0.00/0.00,	Lf-Berghausen Hp		
0.00/0.00,	Licherode		
9.27/51.49,	Liebenau		
0.00/0.00,	Lindholm		
0.00/0.00,	Lügde Hp		
0.00/0.00,	Luitpoldhütte		
0.00/0.00,	Lüneburg		
0.00/0.00,	Lüneburg Gbf		
0.00/0.00,	Lüneburg OHE Sued		
0.00/0.00,	LZB-Bk 012		
0.00/0.00,	LZB-Bk 201		
8.85/51.46,	Marsberg		
0.00/0.00,	Maschen Pbf		
0.00/0.00,	Maschen Rbf Mnof		
0.00/0.00,	Maschen Rbf Mnwf		
0.00/0.00,	Maschen Rbf Msof		
0.00/0.00,	Maschen Rbf Mswf		
0.00/0.00,	Maxhütte-Haidhof		
0.00/0.00,	Meckelfeld Hp		
0.00/0.00,	Mehle Hp		
0.00/0.00,	Meinersen		
0.00/0.00,	Meitingen		
0.00/0.00,	Merten Bft		
0.00/0.00,	Mertingen Bf		
8.28/51.35,	Meschede		
8.68/51.39,	Messinghausen		
9.46/51.39,	Mönchehof		
0.00/0.00,	Morsum (Sylt)		
0.00/0.00,	Möttingen		
0.00/0.00,	Nabburg		
0.00/0.00,	nach Ergste		
0.00/0.00,	nach Heerlen		
0.00/0.00,	nach Volkmarsen		
0.00/0.00,	nach Willingen		
7.97/51.44,	Neheim-Hüsten		
0.00/0.00,	Neudietendorf		
0.00/0.00,	Neuenheerse		
0.00/0.00,	Niebüll		
0.00/0.00,	Nörde		
0.00/0.00,	Nörde Hp		
0.00/0.00,	Nordendorf Hst		
0.00/0.00,	Nördlingen		
0.00/0.00,	Nordstemmen		
0.00/0.00,	Nörten-Hardenbg		
0.00/0.00,	Northeim		
0.00/0.00,	Northeim/Han Gbf		
8.43/51.37,	Nuttlar Ost		
0.00/0.00,	Obererbach Hp		
0.00/0.00,	Obernjesa		
9.45/51.36,	Obervellmar		
8.13/51.39,	Oeventrop		
8.48/51.36,	Olsberg		
0.00/0.00,	Orxhausen		
0.00/0.00,	Osterwald Hp		
0.00/0.00,	Otze Hp		
0.00/0.00,	Paderborn Hbf		
0.00/0.00,	Peine		
0.00/0.00,	PeineFdlPo		
0.00/0.00,	Plockhorst oB		
0.00/0.00,	Plockhorst uB		
0.00/0.00,	Posten 12		
0.00/0.00,	Prödel		
0.00/0.00,	Radbruch Hp		
0.00/0.00,	Reelsen Hp		
0.00/0.00,	Regenstauf		
0.00/0.00,	Reg-Walhallastr.		
0.00/0.00,	Reg-Wutzlhofen		
0.00/0.00,	Rengershausen		
0.00/0.00,	Rethen		
0.00/0.00,	Richtung Siegen		
0.00/0.00,	Rosdorf		
0.00/0.00,	Salzkotten		
0.00/0.00,	Sandwehle Hp		
0.00/0.00,	Sarstedt		
0.00/0.00,	Schacht		
0.00/0.00,	Scharmede Hp		
9.05/51.52,	Scherfede		
0.00/0.00,	Scheuen		
0.00/0.00,	Schieder		
0.00/0.00,	Schladern (Sieg)		
0.00/0.00,	Schwandorf		
0.00/0.00,	Schwandorf Regentalbahn		
0.00/0.00,	Schwarzenfeld		
7.56/51.44,	Schwerte		
7.59/51.45,	Schwerte Ost		
0.00/0.00,	Sehnde		
0.00/0.00,	Siegburg/Bonn		
0.00/0.00,	Simpelveld		
0.00/0.00,	Speele		
0.00/0.00,	Stederdorf		
0.00/0.00,	Stedesand		
0.00/0.00,	Steinheim		
0.00/0.00,	Stelle		
0.00/0.00,	Stühlingen		
0.00/0.00,	Suderburg		
0.00/0.00,	Sv 709		
0.00/0.00,	Sv 723		
0.00/0.00,	Sv 725		
0.00/0.00,	Sv 730		
0.00/0.00,	Sv 732		
0.00/0.00,	Tating Hp		
0.00/0.00,	Teststrecke		
0.00/0.00,	Theuern		
0.00/0.00,	Tønder		
0.00/0.00,	Tönning		
0.00/0.00,	Übach-Palenberg		
0.00/0.00,	Uelzen		
0.00/0.00,	Uelzen Gbf		
0.00/0.00,	Uelzen Metronom		
0.00/0.00,	Uetze		
0.00/0.00,	Unterlüß		
0.00/0.00,	Üst Ahlshausen		
0.00/0.00,	Üst Bayerwerk Hst		
0.00/0.00,	Üst Diekholzen		
0.00/0.00,	Üst Eiderbrücke		
0.00/0.00,	Üst Ersrode		
0.00/0.00,	Üst Eschenwiese		
0.00/0.00,	Üst Fischerhof		
0.00/0.00,	Üst Gehrenrode		
0.00/0.00,	Üst Giften		
0.00/0.00,	Üst Hattstedt		
0.00/0.00,	Üst Kaiserau		
0.00/0.00,	Üst Kattenbühl		
0.00/0.00,	Üst Keilsberg		
0.00/0.00,	Üst Laatzen Ritterkamp		
0.00/0.00,	Üst Lev-Küppersteg		
0.00/0.00,	Üst Lev-Rheindorf Hst		
0.00/0.00,	Üst Lippoldshsn		
0.00/0.00,	Üst Lutterberg		
0.00/0.00,	Üst Massetal		
0.00/0.00,	Üst Mengershausen		
0.00/0.00,	Üst Mühlbach		
0.00/0.00,	Üst Netze		
0.00/0.00,	Üst Norderelbe		
0.00/0.00,	Üst Ramhorst		
0.00/0.00,	Üst Rosbach Hst		
0.00/0.00,	Üst Schwarzenb		
0.00/0.00,	Üst Sudheim		
0.00/0.00,	Üst Veerßen		
0.00/0.00,	Üst Wildsberg		
0.00/0.00,	Veddel Hp		
0.00/0.00,	Vetschau		
0.00/0.00,	Vöhrum		
0.00/0.00,	Voldagsen		
0.00/0.00,	von Ergste		
7.92/51.47,	Voßwinkel		
0.00/0.00,	Wackersdorf		
0.00/0.00,	Wack.Nord Awanst		
9.16/51.49,	Warburg		
0.00/0.00,	Warmen Hp		
0.00/0.00,	Weizen		
0.00/0.00,	Welsede Hp		
0.00/0.00,	Wenholthausen		
8.19/51.35,	Wennemen		
0.00/0.00,	Wense		
0.00/0.00,	Westendorf Hp		
0.00/0.00,	Westerland (Sylt)		
8.91/51.49,	Westheim		
7.52/51.42,	Westhofen		
7.87/51.49,	Wickede		
0.00/0.00,	Wilhelmsburg		
0.00/0.00,	Willebadessen		
0.00/0.00,	Winsen (Luhe)		
0.00/0.00,	Wipshausen		
0.00/0.00,	Wipshausen-Süd		
0.00/0.00,	Witzenhausen N		
0.00/0.00,	Witzwort Hp		
0.00/0.00,	Wörnitzstein		
0.00/0.00,	Wrexen		
0.00/0.00,	Wutachblick		


